id,timestamp_emision,symbol,direction,timeframe,entry_price,execution_price,stop_loss,target_1,target_2,target_3,source,tp1_hit_at,tp2_hit_at,tp3_hit_at,closed_at,close_reason,close_price,prev_hash,row_hash
1,2026-05-02T22:01:28Z,BTCUSDT,long,60,78719.78,,78345.67,79717.41,79842.11,80216.22,quantumblock,,,,2026-05-04T00:21:00Z,sl,78288.88,0000000000000000000000000000000000000000000000000000000000000000,d3b1ca9a530a73e4e3ad18b839632e83ffbf653449dd2cd0f34afb3b710dd8be
2,2026-05-03T12:01:38Z,BTCUSDT,long,60,78656.01,,78307.34,79585.79,79702.02,80050.69,quantumblock,,,,2026-05-04T00:21:00Z,sl,78288.88,d3b1ca9a530a73e4e3ad18b839632e83ffbf653449dd2cd0f34afb3b710dd8be,14f150a0c608984fcb972a4a6904a4be67e07774eff30dcc61430162605d90e1
3,2026-05-04T02:35:21Z,BTCUSDT,long,60,79769.0,,79184.0,81332.0,81527.0,82113.0,quantumblock,,,,2026-05-04T10:06:06Z,sl,79086.43,14f150a0c608984fcb972a4a6904a4be67e07774eff30dcc61430162605d90e1,ffaf28f16ad8af1a80e2672763ea1e02cd0d8a6d7f3dd4c6a9e668bf4a9a42c4
4,2026-05-04T11:01:32Z,BTCUSDT,short,60,78940.26,,79680.55,76966.16,76719.39,75979.1,quantumblock,,,,2026-05-04T14:46:47Z,sl,79685.92,ffaf28f16ad8af1a80e2672763ea1e02cd0d8a6d7f3dd4c6a9e668bf4a9a42c4,14c82aa792134e7424e15b4af9e14092494cfc903bc4afae505d3201522551af
5,2026-05-04T17:00:00Z,BTCUSDT,long,60,80025.03,,79073.0,82564.0,82882.0,83634.0,quantumblock,2026-05-06T11:18:12Z,,,2026-05-07T04:05:33Z,sl_after_tp1,80800.02,14c82aa792134e7424e15b4af9e14092494cfc903bc4afae505d3201522551af,c0a409ce47795ed49ae4884d5874ecc460cdaab06b2327e6636ad806bc78aca9
6,2026-05-09T17:01:32Z,BTCUSDT,long,60,80625.01,,80258.2,81603.18,81725.44,82092.25,quantumblock,2026-05-10T22:27:58Z,2026-05-10T22:33:03Z,2026-05-10T22:34:06Z,2026-05-10T22:34:06Z,tp3,82077.37,c0a409ce47795ed49ae4884d5874ecc460cdaab06b2327e6636ad806bc78aca9,9412b55ae07d0d3700b9376209a88e57aaacbcf7f2a27a1abe6756eae14b2766
7,2026-05-11T15:29:00Z,BTCUSDT,long,60,80953.38,,80339.6,81567.2,81976.4,82590.3,model,2026-05-11T16:09:00Z,2026-05-11T17:42:00Z,,2026-05-12T00:23:07Z,sl_after_tp2,81569.09,9412b55ae07d0d3700b9376209a88e57aaacbcf7f2a27a1abe6756eae14b2766,9aa24f523d46585f98b0dbc82ca6c493ad20a942a81a8146276cd400d9ed54d5
8,2026-05-12T01:37:21Z,BTCUSDT,short,60,81545.2,,82128.29,80962.11,80573.39,79990.3,quantumblock_model,2026-05-12T01:38:11Z,2026-05-12T11:06:47Z,,2026-05-12T12:38:52Z,sl_after_tp2,80969.19,9aa24f523d46585f98b0dbc82ca6c493ad20a942a81a8146276cd400d9ed54d5,0468aee69d9ef03e4dd281426717baecd27a4b664e02bac82cd01f282fbac6be
9,2026-05-13T17:44:11Z,BTCUSDT,long,60,79108.39,,78462.03,79754.75,80185.65,80832.0,quantumblock_model,2026-05-13T18:21:12Z,,,2026-05-14T03:08:22Z,sl_after_tp1,79186.01,0468aee69d9ef03e4dd281426717baecd27a4b664e02bac82cd01f282fbac6be,76ca24c12e8079a59a895e0b1f997b1d72243ec9c004a5775e179e2f7ea84216
10,2026-05-13T18:21:29Z,BTCUSDT,long,60,79514.97,,78865.89,80164.0,80596.77,81245.85,quantumblock_model,2026-05-14T14:18:53Z,2026-05-14T14:48:52Z,2026-05-14T15:54:04Z,2026-05-14T15:54:04Z,tp3,81294.89,76ca24c12e8079a59a895e0b1f997b1d72243ec9c004a5775e179e2f7ea84216,d15db1fd6d833717552cd1590bcc9e27d8df428438d2d11a75f0a1fad7ffebbc
11,2026-05-14T05:47:04Z,BTCUSDT,long,60,79451.63,,78867.3,80036.0,80425.51,81009.84,quantumblock_model,2026-05-14T13:23:46Z,2026-05-14T14:46:46Z,2026-05-14T14:57:16Z,2026-05-14T14:57:16Z,tp3,80996.38,d15db1fd6d833717552cd1590bcc9e27d8df428438d2d11a75f0a1fad7ffebbc,48552db549342ee67e05539d70b38f748084e9cbe8baa718ead1516ff00b8998
12,2026-05-14T13:13:11Z,BTCUSDT,long,60,79767.11,,79194.34,80339.9,80721.72,81294.49,quantumblock_model,2026-05-14T14:40:33Z,2026-05-14T14:51:04Z,2026-05-14T15:54:18Z,2026-05-14T15:54:18Z,tp3,81296.55,48552db549342ee67e05539d70b38f748084e9cbe8baa718ead1516ff00b8998,e871dbf28a001ec8a559f627b08c1d9e2e136b521de6afe0a95c3397de23ad5e
13,2026-05-14T14:13:29Z,BTCUSDT,long,60,79701.73,,79128.12,80275.3,80657.75,81231.37,quantumblock_model,2026-05-14T14:40:37Z,2026-05-14T14:48:58Z,2026-05-14T15:52:47Z,2026-05-14T15:52:47Z,tp3,81245.54,e871dbf28a001ec8a559f627b08c1d9e2e136b521de6afe0a95c3397de23ad5e,991e99a9d5a37446fc15a68e2866b1380ff6c4a1362da851c4d511b157ec1042
14,2026-05-14T15:02:05Z,BTCUSDT,long,60,80964.85,,80276.0,81653.7,82112.93,82801.78,quantumblock_model,2026-05-14T16:59:21Z,,,2026-05-15T02:02:17Z,sl_after_tp1,81110.01,991e99a9d5a37446fc15a68e2866b1380ff6c4a1362da851c4d511b157ec1042,f75b83cbcb4499c759338902f550ad11c5411b6b3fd89927c44ef6da0bb2ccad
15,2026-05-14T16:01:36Z,BTCUSDT,long,60,81301.23,81301.23,80606.23,81996.2,82459.57,83154.57,quantumblock_model,2026-05-14T17:03:28Z,,,2026-05-14T17:22:47Z,breakeven_after_tp1,81425.11,f75b83cbcb4499c759338902f550ad11c5411b6b3fd89927c44ef6da0bb2ccad,10ce4156c0ecb586046fe68a9301ad9eb2ba9d606757c9f9fb4383d1f34d2347
16,2026-05-14T18:21:20Z,BTCUSDT,long,60,81668.48,81668.48,80903.94,82433.0,82942.71,83707.25,quantumblock_model,,,,2026-05-15T02:13:36Z,sl,80890.11,10ce4156c0ecb586046fe68a9301ad9eb2ba9d606757c9f9fb4383d1f34d2347,43b8ef41dc954be91efb08f20c70403f8684e80f7b44a3411d7fe796cd5fdfce
17,2026-05-15T13:30:18Z,BTCUSDT,short,60,80385.11,80385.11,81004.16,79766.0,79353.37,78734.32,quantumblock_model,2026-05-15T13:31:23Z,2026-05-15T13:39:30Z,2026-05-15T13:51:41Z,2026-05-15T13:51:41Z,tp3,78720.65,43b8ef41dc954be91efb08f20c70403f8684e80f7b44a3411d7fe796cd5fdfce,ef6851aad9c11cc5cebc5da9996a80b3c44c69a4fc28464ad64a1794f7a49ff7
18,2026-05-15T14:01:42Z,BTCUSDT,short,60,78758.59,78758.59,79514.2,78003.0,77499.24,76743.63,quantumblock_model,2026-05-16T09:18:51Z,,,2026-05-16T07:15:39Z,expired_after_tp1,78011.6,ef6851aad9c11cc5cebc5da9996a80b3c44c69a4fc28464ad64a1794f7a49ff7,a7675e3bab20cbcf123e1a369af172cd2aca19a7c79f62185cfd39f73d6b774e
19,2026-05-15T16:00:44Z,BTCUSDT,short,60,79150.27,,79908.93,78391.6,77885.84,77127.19,quantumblock_model,2026-05-16T07:12:39Z,2026-05-16T10:08:39Z,,2026-05-16T09:18:08Z,expired_after_tp2,77885.8,a7675e3bab20cbcf123e1a369af172cd2aca19a7c79f62185cfd39f73d6b774e,31b7096a51c5ee0e29c4fea354a4d1bb8c4397bcec715a2e81c86f4cf75e22b3
20,2026-05-16T04:34:40Z,BTCUSDT,short,60,78870.65,,79259.52,77600.79,77704.05,76926.32,quantumblock,,2026-05-16T10:29:38Z,,2026-05-16T10:30:44Z,sl_after_tp2,77824.11,31b7096a51c5ee0e29c4fea354a4d1bb8c4397bcec715a2e81c86f4cf75e22b3,70d044ae9abc838e7aff06c93d7371f7e45bf5868622ce71efb9fe9f219a6f9f
21,2026-05-16T06:50:58Z,BTCUSDT,short,60,78666.82,,79258.63,77432.29,76891.38,75707.75,quantumblock,2026-05-17T23:40:33Z,2026-05-17T23:42:04Z,,2026-05-17T23:52:53Z,sl_after_tp2,77440.44,70d044ae9abc838e7aff06c93d7371f7e45bf5868622ce71efb9fe9f219a6f9f,152c072f2c2c8bba043bab806fe74e17494234f778b37aea7363b51662a55bd2
22,2026-05-16T06:51:06Z,BTCUSDT,short,60,79027.37,79027.37,79481.97,78572.8,78269.7,77815.09,quantumblock_model,2026-05-16T06:51:55Z,2026-05-16T07:13:47Z,2026-05-16T10:09:48Z,2026-05-16T10:09:48Z,tp3,77857.19,152c072f2c2c8bba043bab806fe74e17494234f778b37aea7363b51662a55bd2,cb194ca9a5ea0e01670eca111dd8d79c1f82db1f39bd1e8c7f63355dc7a4b772
23,2026-05-16T07:14:04Z,BTCUSDT,short,60,78648.0,,79133.1,78162.9,77839.5,77354.4,quantumblock_model,2026-05-16T07:14:58Z,2026-05-16T10:10:03Z,,2026-05-16T11:36:04Z,sl_after_tp2,78180.81,cb194ca9a5ea0e01670eca111dd8d79c1f82db1f39bd1e8c7f63355dc7a4b772,2f99a1431a5e987434c009ded637fa2b68d1d4d1165a00bbaf4512dfc9aab37d
24,2026-05-16T10:28:54Z,BTCUSDT,short,60,78083.48,77917.9,78602.81,77564.1,77217.92,76698.59,quantumblock_model,2026-05-17T23:40:37Z,2026-05-17T23:42:08Z,2026-05-18T06:11:03Z,2026-05-18T06:11:03Z,tp3,76692.32,2f99a1431a5e987434c009ded637fa2b68d1d4d1165a00bbaf4512dfc9aab37d,f7827e4cd7487cf57f719e4a3d22b5bd1fe30c6e009c835d52fc381d89c8e839
25,2026-05-17T14:16:51Z,BTCUSDT,short,60,78202.91,78202.91,78551.66,77854.1,77621.67,77272.92,quantumblock_model,2026-05-17T14:17:36Z,,,2026-05-17T16:04:05Z,sl_after_tp1,78118.02,f7827e4cd7487cf57f719e4a3d22b5bd1fe30c6e009c835d52fc381d89c8e839,8177f140f7728096fa3be8889287ef03890ac6b82326f9be6e9c9c053fa735fc
26,2026-05-17T22:03:09Z,BTCUSDT,short,60,78230.82,,78508.43,77308.0,77397.99,76842.77,quantumblock,2026-05-17T23:40:42Z,2026-05-17T23:40:42Z,2026-05-17T23:42:13Z,2026-05-17T23:42:13Z,tp3,76887.99,8177f140f7728096fa3be8889287ef03890ac6b82326f9be6e9c9c053fa735fc,526ddb1b4da159d581872b2f8a973da51b75d144d6c78114a824a8f629a8be1d
27,2026-05-17T22:11:11Z,BTCUSDT,short,60,78405.72,78405.72,78757.25,78054.2,77819.83,77468.3,quantumblock_model,2026-05-17T22:11:20Z,2026-05-17T23:08:56Z,2026-05-17T23:40:46Z,2026-05-17T23:40:46Z,tp3,77249.03,526ddb1b4da159d581872b2f8a973da51b75d144d6c78114a824a8f629a8be1d,7c0c964a9b31c5ed940f916a7f088e45fee2efb027fb3a02511b9790ca1305df
28,2026-05-17T23:08:19Z,BTCUSDT,short,60,77856.68,,78510.52,76850.15,75895.15,74587.46,quantumblock,2026-05-17T23:42:27Z,,,2026-05-18T12:46:53Z,sl_after_tp1,77744.65,7c0c964a9b31c5ed940f916a7f088e45fee2efb027fb3a02511b9790ca1305df,7186c64b7901b118a2c6bc4ac468ce0b2a3ac40880b76e62e932ea7369a058e2
29,2026-05-17T23:18:17Z,BTCUSDT,short,60,77997.24,,78386.25,77608.23,77348.89,76959.88,quantumblock_model,2026-05-17T23:41:00Z,2026-05-17T23:41:00Z,2026-05-17T23:42:30Z,2026-05-17T23:42:30Z,tp3,77014.23,7186c64b7901b118a2c6bc4ac468ce0b2a3ac40880b76e62e932ea7369a058e2,d07b70c4d1516ea6b0ba10321226b70dda4da98a1d2b6183e6da41984695d0c5
30,2026-05-18T02:52:26Z,BTCUSDT,short,60,77109.22,,77652.72,76565.72,76203.38,75659.88,quantumblock_model,2026-05-18T11:31:48Z,,,2026-05-18T11:40:43Z,expired_after_tp1,77187.63,d07b70c4d1516ea6b0ba10321226b70dda4da98a1d2b6183e6da41984695d0c5,b3dc79d3fd74e7034377b6679618becd6baa671899c37df84753717a2afe7fdc
31,2026-05-18T13:31:31Z,BTCUSDT,short,60,77639.98,,78187.92,77092.04,76726.74,76178.8,quantumblock_model,2026-05-18T13:36:19Z,2026-05-18T13:46:00Z,,2026-05-18T13:55:33Z,sl_after_tp2,76976.95,b3dc79d3fd74e7034377b6679618becd6baa671899c37df84753717a2afe7fdc,e2c0c4870566822e8c6294dd7069da243a3dd91e1866d2d2b6a853a4d550fba3
33,2026-05-18T14:08:34Z,BTCUSDT,short,60,76937.7,,77547.74,76327.66,75920.97,75310.93,quantumblock_model,2026-05-18T14:35:23Z,,,2026-05-18T14:37:56Z,expired_after_tp1,76415.75,e2c0c4870566822e8c6294dd7069da243a3dd91e1866d2d2b6a853a4d550fba3,171ff379c03e561f57a944f0bc6b37f4a7d3106a5fb247889988e5833093429c
35,2026-05-18T15:00:56Z,BTCUSDT,short,60,76393.65,,77037.65,75749.65,75320.32,74676.32,quantumblock_model,,,,2026-05-18T20:12:52Z,sl,77026.03,171ff379c03e561f57a944f0bc6b37f4a7d3106a5fb247889988e5833093429c,017662071ff6439734bd160b6fd5f7aaa915353ce5d043fae8e9b7d2321cb61f
36,2026-05-18T16:05:33Z,BTCUSDT,short,60,76409.46,,77054.05,75764.87,75335.14,74690.55,quantumblock_model,,,,2026-05-18T20:14:05Z,sl,77066.47,017662071ff6439734bd160b6fd5f7aaa915353ce5d043fae8e9b7d2321cb61f,670419e94a110b737d2b8ed4486f75a0731b9d94e8caac30228be99b598b409b
37,2026-05-18T18:26:33Z,BTCUSDT,short,60,76706.39,,77348.65,76064.13,75635.95,74993.69,quantumblock_model,,,,2026-05-19T00:21:26Z,sl,77364.0,670419e94a110b737d2b8ed4486f75a0731b9d94e8caac30228be99b598b409b,ae21d82783aeb11f1b6a87984c59e3a4c2989355846c6f80cee59203d257c25e
38,2026-05-18T19:04:03Z,BTCUSDT,long,60,76252.5,,75595.97,76909.03,77346.72,78003.26,quantumblock_model,2026-05-18T19:04:51Z,2026-05-19T00:21:38Z,,2026-05-19T00:25:41Z,expired_after_tp2,77279.79,ae21d82783aeb11f1b6a87984c59e3a4c2989355846c6f80cee59203d257c25e,cebe1cb76423820dc7450aae1dddb395ea8e888af2d3533f5e218544d0638d11
39,2026-05-19T04:33:13Z,BTCUSDT,short,60,76782.77,,77455.4,76171.03,75763.2,75151.45,quantumblock,2026-05-19T14:48:52Z,,,2026-05-19T16:33:20Z,sl_after_tp1,76676.4,cebe1cb76423820dc7450aae1dddb395ea8e888af2d3533f5e218544d0638d11,dea3e89a766d11797f303b6931d0b80afcd809e5f30d941be8277b9e3e8ce3cb
40,2026-05-19T05:04:25Z,BTCUSDT,short,60,76870.17,,77453.0,76294.46,75910.65,75334.93,quantumblock,2026-05-19T14:35:20Z,,,2026-05-19T16:45:03Z,sl_after_tp1,76807.99,dea3e89a766d11797f303b6931d0b80afcd809e5f30d941be8277b9e3e8ce3cb,50ef1528277d3b14ba405f1f798501265470e4bd3aa5d41d579a03fd2b95bd70
41,2026-05-19T06:01:44Z,BTCUSDT,short,60,76888.03,,77452.35,76322.12,75944.85,75378.95,quantumblock,2026-05-19T14:22:43Z,,,2026-05-19T16:46:28Z,sl_after_tp1,76822.47,50ef1528277d3b14ba405f1f798501265470e4bd3aa5d41d579a03fd2b95bd70,5919be059e88d762fc794a2ba04402a1ea3c1a4211265053e60964250a90cb32
42,2026-05-19T09:17:33Z,BTCUSDT,short,60,76962.62,,77353.28,76418.69,76056.07,75512.14,quantumblock,2026-05-19T14:19:33Z,,,2026-05-19T16:53:47Z,sl_after_tp1,76865.15,5919be059e88d762fc794a2ba04402a1ea3c1a4211265053e60964250a90cb32,8b52a0b6d2a79ed597d6099a4efc17a7fe5be0437577efc6fd573603e0020ad9
43,2026-05-19T11:42:22Z,BTCUSDT,short,60,77041.87,,77615.06,76468.68,76086.55,75513.36,quantumblock_model,2026-05-19T14:19:35Z,,,2026-05-19T17:05:07Z,sl_after_tp1,76968.58,8b52a0b6d2a79ed597d6099a4efc17a7fe5be0437577efc6fd573603e0020ad9,8835cccf1d7c46a37d00dcbb2fc053a24ce8d143a555cf7a32d597667ef4f993
44,2026-05-19T14:20:08Z,BTCUSDT,short,60,76872.75,,77454.14,76291.36,75903.77,75322.38,quantumblock_model,2026-05-19T14:35:23Z,,,2026-05-19T16:45:16Z,sl_after_tp1,76807.01,8835cccf1d7c46a37d00dcbb2fc053a24ce8d143a555cf7a32d597667ef4f993,ee5e28894a5faa94545793f2c55e6c4589dc7c0fe085df9b2c4af54464517b6c
45,2026-05-19T22:01:37Z,BTCUSDT,short,60,76868.57,,77138.84,76361.81,76023.97,75517.21,quantumblock,,,,2026-05-20T05:11:13Z,sl,77166.68,ee5e28894a5faa94545793f2c55e6c4589dc7c0fe085df9b2c4af54464517b6c,539720494c6c56f28f7727bce87cac213457e6b51d9999941dad23e6fa7590c2
46,2026-05-20T13:36:27Z,BTCUSDT,short,60,77617.26,,78088.44,77146.08,76831.97,76360.79,quantumblock_model,2026-05-20T13:36:44Z,,,2026-05-20T14:17:13Z,sl_after_tp1,77439.82,539720494c6c56f28f7727bce87cac213457e6b51d9999941dad23e6fa7590c2,0b6bd68fbebf877c7f82e5ec49d3b52de9c17d0af15599bdfefbfdf5c9d528d9
47,2026-05-21T10:27:34Z,BTCUSDT,short,60,77633.02,,78147.84,77118.2,76774.98,76260.16,quantumblock_model,2026-05-21T12:21:21Z,2026-05-21T13:44:49Z,,2026-05-21T13:56:09Z,sl_after_tp2,77104.06,0b6bd68fbebf877c7f82e5ec49d3b52de9c17d0af15599bdfefbfdf5c9d528d9,a6e3f53cc818d7e612c37e90bb28f88e1e76ce8457f02d6673babe3650121ab3
48,2026-05-21T12:22:29Z,BTCUSDT,short,60,77125.59,,78233.07,76629.6,76298.94,75802.95,quantumblock,,,,2026-05-21T14:00:24Z,sl,77156.53,a6e3f53cc818d7e612c37e90bb28f88e1e76ce8457f02d6673babe3650121ab3,2ec8e85eaf556b8479752929c44f92f884e4b5cf05f716fda135861411adc174
49,2026-05-21T13:34:41Z,BTCUSDT,short,60,77102.14,,78233.39,76601.24,76267.32,75766.42,quantumblock,,,,2026-05-21T14:00:24Z,sl,77120.13,2ec8e85eaf556b8479752929c44f92f884e4b5cf05f716fda135861411adc174,1f668e151c803dcbd18b0dba638a38c3a63d9e5fe91923b0ca7434647817c374
50,2026-05-21T14:21:34Z,BTCUSDT,short,60,77122.68,,77664.54,76580.82,76219.57,75677.71,quantumblock_model,,,,2026-05-21T17:16:33Z,sl,77772.54,1f668e151c803dcbd18b0dba638a38c3a63d9e5fe91923b0ca7434647817c374,2d9e149904e7cf4ef3a44b6088b892db7d8d0e8651567149aa609e6d28ae5a89
51,2026-05-21T17:16:59Z,BTCUSDT,long,60,77207.93,,76646.47,77769.39,78143.69,78705.15,quantumblock_model,2026-05-21T17:17:46Z,,,2026-05-21T17:22:49Z,expired_after_tp1,77838.01,2d9e149904e7cf4ef3a44b6088b892db7d8d0e8651567149aa609e6d28ae5a89,374139e06943d462ff47e45911f54c99867d3c4969d7dc0dec81204d4f74ade9
52,2026-05-22T01:01:22Z,BTCUSDT,short,60,77352.73,,77955.73,76846.91,76509.71,76003.89,quantumblock,2026-05-22T14:23:08Z,,,2026-05-22T15:33:43Z,expired_after_tp1,76950.0,374139e06943d462ff47e45911f54c99867d3c4969d7dc0dec81204d4f74ade9,80b88f2461fe23b881e4d02a364c5aabc21e886e50b15d6c69f1913fcb1d5a6c
53,2026-05-22T06:01:40Z,BTCUSDT,short,60,77454.01,,77930.11,77002.42,76701.36,76249.77,quantumblock,2026-05-22T14:07:49Z,2026-05-22T15:00:53Z,,2026-05-22T15:31:30Z,sl_after_tp2,76976.21,80b88f2461fe23b881e4d02a364c5aabc21e886e50b15d6c69f1913fcb1d5a6c,b69ead31a6eb6723b8ea3e754aa7b812ff49a96a1aa7e72705968ffe9bdf20c9
54,2026-05-22T18:46:19Z,BTCUSDT,short,60,76750.0,,77215.57,76284.43,75974.06,75508.49,quantumblock_model,2026-05-22T18:46:54Z,,,2026-05-22T18:48:56Z,expired_after_tp1,76395.08,b69ead31a6eb6723b8ea3e754aa7b812ff49a96a1aa7e72705968ffe9bdf20c9,d6f246dc6e025512dfbaad91ba233f4f08812ba6265055528c7e0b984adcde43
55,2026-05-22T19:09:09Z,BTCUSDT,short,60,76537.47,,77055.13,76019.81,75674.7,75157.04,quantumblock_model,2026-05-22T19:31:13Z,,,2026-05-22T19:34:17Z,expired_after_tp1,75905.59,d6f246dc6e025512dfbaad91ba233f4f08812ba6265055528c7e0b984adcde43,6b6a03bdf5f5964560f0bc1312e58c4fc94150cec6d04866291605093a0e2564
56,2026-05-22T22:45:05Z,BTCUSDT,short,60,75978.83,,76521.09,75436.57,75075.06,74532.8,quantumblock_model,2026-05-22T23:49:00Z,2026-05-23T07:47:09Z,2026-05-23T07:51:16Z,2026-05-23T07:51:16Z,tp3,74501.46,6b6a03bdf5f5964560f0bc1312e58c4fc94150cec6d04866291605093a0e2564,3a67bbbac0cff4d294b9ef3f6d379d3f196b783002c61e77091f0a39ff480190
57,2026-05-22T23:46:16Z,BTCUSDT,short,60,75667.51,,76216.11,75118.91,74753.17,74204.56,quantumblock_model,2026-05-23T07:47:12Z,2026-05-23T07:51:28Z,,2026-05-23T13:49:31Z,sl_after_tp2,75118.54,3a67bbbac0cff4d294b9ef3f6d379d3f196b783002c61e77091f0a39ff480190,c9833d592c56c5e0d531ec02af95084ae58f6b12fb07d6df92ab657cbf752480
58,2026-05-23T07:51:59Z,BTCUSDT,short,60,74428.04,,75698.6,73918.28,73578.44,73068.68,quantumblock,,,,2026-05-23T14:56:25Z,sl,75670.11,c9833d592c56c5e0d531ec02af95084ae58f6b12fb07d6df92ab657cbf752480,4f630d26f8b3bfa4a13774345563c6f580ebf72a0ec5e4a5b520d9aa3aeefca5
59,2026-05-23T20:40:08Z,BTCUSDT,long,60,75983.45,,75502.59,76464.31,76784.89,77265.75,quantumblock_model,2026-05-23T20:40:31Z,2026-05-23T20:40:31Z,,2026-05-23T20:41:35Z,expired_after_tp2,76843.3,4f630d26f8b3bfa4a13774345563c6f580ebf72a0ec5e4a5b520d9aa3aeefca5,f85171d1fb6e0d24339ce27c2e7d1f8344adb6f05ed68e2720d7170a27c16d83
60,2026-05-24T13:56:41Z,BTCUSDT,short,60,77118.73,,77604.46,76633.0,76309.18,75823.44,quantumblock_model,2026-05-24T14:12:29Z,2026-05-24T14:17:36Z,,2026-05-24T16:06:34Z,sl_after_tp2,76619.99,f85171d1fb6e0d24339ce27c2e7d1f8344adb6f05ed68e2720d7170a27c16d83,c5b80e41383bf4a20bd257e37847e121ac4b4c5f3ed3f2843da2146576d7688c
61,2026-05-24T14:13:20Z,BTCUSDT,short,60,76754.66,,77252.68,76256.64,75924.62,75426.6,quantumblock_model,2026-05-24T14:17:39Z,,,2026-05-24T16:06:46Z,sl_after_tp1,76564.26,c5b80e41383bf4a20bd257e37847e121ac4b4c5f3ed3f2843da2146576d7688c,7a87c4ea0091767c99af5f574465ea34a0d103e491cc61b4aca836ab890e2902
62,2026-05-24T21:37:18Z,BTCUSDT,short,60,76624.82,,77083.91,76165.73,75859.67,75400.58,quantumblock_model,2026-05-24T21:37:50Z,,,2026-05-24T22:02:07Z,sl_after_tp1,76504.32,7a87c4ea0091767c99af5f574465ea34a0d103e491cc61b4aca836ab890e2902,6a05fd6e4610ca227025afed4afff8529d7463bbe658d4ed2f5aac83f6452d9c
63,2026-05-26T10:27:45Z,BTCUSDT,long,60,76672.19,,76248.04,77096.34,77379.11,77803.26,quantumblock_model,2026-05-26T10:27:55Z,2026-05-26T10:37:01Z,,2026-05-26T12:07:13Z,sl_after_tp2,77071.61,6a05fd6e4610ca227025afed4afff8529d7463bbe658d4ed2f5aac83f6452d9c,bf6a4d402262c5419033204ed47dcd156ad9a9d35e66225fe4c5909c85477258
64,2026-05-26T13:49:54Z,BTCUSDT,long,60,77239.33,,76551.63,77769.01,78122.13,78651.81,quantumblock,2026-05-26T14:24:04Z,,,2026-05-26T14:38:56Z,breakeven_after_tp1,77144.24,bf6a4d402262c5419033204ed47dcd156ad9a9d35e66225fe4c5909c85477258,e75b71450ed9e2c451f7518f0de3aba9011d3b91ccd84a75708eba6dd35b861f
65,2026-05-26T14:01:46Z,BTCUSDT,long,60,77266.66,,76552.41,77784.62,78129.93,78647.9,quantumblock,2026-05-26T14:24:05Z,,,2026-05-26T14:37:25Z,sl_after_tp1,77354.01,e75b71450ed9e2c451f7518f0de3aba9011d3b91ccd84a75708eba6dd35b861f,fe5437ae3f590d4688864039fbfc60e805f1a592338a18ac09b205429383620d
66,2026-05-26T14:24:00Z,BTCUSDT,long,60,77258.35,,76704.6,77812.1,78181.27,78735.02,quantumblock_model,2026-05-26T14:24:07Z,,,2026-05-26T14:37:39Z,sl_after_tp1,77336.01,fe5437ae3f590d4688864039fbfc60e805f1a592338a18ac09b205429383620d,bef8519ff6e20b660fd67cf080283c216f02d9134c928fe81a3ccd3aeb9e438b
67,2026-05-26T15:31:49Z,BTCUSDT,short,60,76908.01,,77567.42,76248.6,75808.99,75149.59,quantumblock_model,2026-05-26T16:13:34Z,2026-05-26T17:38:36Z,2026-05-27T13:30:40Z,2026-05-27T13:30:40Z,tp3,75145.25,bef8519ff6e20b660fd67cf080283c216f02d9134c928fe81a3ccd3aeb9e438b,ab9dcd6e5545c0981ce4295930a5de643d12afe5165a2304607a47b27e746e12
68,2026-05-27T02:20:22Z,BTCUSDT,short,60,75687.5,,76218.19,75114.62,74732.7,74159.82,quantumblock,2026-05-27T13:30:55Z,2026-05-27T17:56:29Z,,2026-05-27T20:02:18Z,sl_after_tp2,75140.98,ab9dcd6e5545c0981ce4295930a5de643d12afe5165a2304607a47b27e746e12,b0618c6219e81cfdaad16f17e961ffe53d3af051bdaf44555f5a086c69ea89c2
69,2026-05-27T03:49:41Z,BTCUSDT,short,60,75693.22,,76217.45,75131.49,74756.99,74195.26,quantumblock,2026-05-27T13:30:56Z,2026-05-27T17:56:31Z,,2026-05-27T20:02:30Z,sl_after_tp2,75145.22,b0618c6219e81cfdaad16f17e961ffe53d3af051bdaf44555f5a086c69ea89c2,9213a33c05a4342b8f730d0b83a084206ade8eafbb74bddba529717e84c35a55
70,2026-05-27T16:36:18Z,BTCUSDT,short,60,74977.1,,75567.99,74386.21,73992.28,73401.38,quantumblock_model,2026-05-27T21:46:47Z,2026-05-27T21:46:47Z,,2026-05-27T21:46:54Z,sl_after_tp2,74486.02,9213a33c05a4342b8f730d0b83a084206ade8eafbb74bddba529717e84c35a55,3294bdc4801644cbb37315b2f369094a2b4017f7f26b3d51f0eebd22d5601149
71,2026-05-27T22:00:51Z,BTCUSDT,short,60,74359.98,,75003.68,73716.28,73287.15,72643.45,quantumblock_model,2026-05-28T03:18:28Z,2026-05-28T03:54:04Z,2026-05-28T14:05:54Z,2026-05-28T14:05:54Z,tp3,72693.99,3294bdc4801644cbb37315b2f369094a2b4017f7f26b3d51f0eebd22d5601149,f58432598c5e2d36c900fe347208710a5f6187c7c49a80aaa03eecaa65d0e4db
72,2026-05-28T15:00:53Z,BTCUSDT,short,60,72985.3,,73687.6,72283.0,71814.8,71112.5,quantumblock_model,,,,2026-05-28T17:45:53Z,sl,73730.03,f58432598c5e2d36c900fe347208710a5f6187c7c49a80aaa03eecaa65d0e4db,e2b9ab25b88a34c4f33d72a7ea1be9bf15aa555eee691675efcd564719e86fe7
73,2026-05-28T21:43:22Z,BTCUSDT,long,60,73861.55,,73181.17,74541.93,74995.51,75675.89,quantumblock_model,,,,2026-05-29T02:58:46Z,sl,73192.83,e2b9ab25b88a34c4f33d72a7ea1be9bf15aa555eee691675efcd564719e86fe7,76c6600a2d9b18ec06588548b1248e5527f15168c9d394e8e460733ebb69ae3b
74,2026-05-29T13:23:24Z,BTCUSDT,short,60,73075.91,,73973.49,72561.47,72218.51,71704.07,quantumblock,2026-05-29T14:26:50Z,,,2026-05-29T14:52:21Z,breakeven_after_tp1,73042.44,76c6600a2d9b18ec06588548b1248e5527f15168c9d394e8e460733ebb69ae3b,615e56d4364c0aa79e07dc99f3c86ee535c41b664bbdbcb3bf15741f9f809a3c
75,2026-05-29T14:01:45Z,BTCUSDT,short,60,73135.7,,73936.19,72635.55,72302.12,71801.98,quantumblock,2026-05-29T14:26:52Z,,,2026-05-29T14:52:33Z,sl_after_tp1,73054.0,615e56d4364c0aa79e07dc99f3c86ee535c41b664bbdbcb3bf15741f9f809a3c,3fc1cd36059765fa7a153df43499e131d364b035aa55482e036a429e9d45af2f
76,2026-05-29T18:47:48Z,BTCUSDT,short,60,73606.49,,74559.97,72918.47,72459.79,71771.77,quantumblock,2026-06-01T07:25:38Z,,,2026-06-01T11:58:40Z,expired_after_tp1,72509.99,3fc1cd36059765fa7a153df43499e131d364b035aa55482e036a429e9d45af2f,230faee68d6ef7ec8f5e47386d0f3f0bbad632196008b7be434d360a3954ce84
77,2026-06-01T21:18:10Z,BTCUSDT,short,60,71104.7,,71739.52,70469.88,70046.66,69411.84,quantumblock_model,2026-06-02T02:06:40Z,,,2026-06-02T03:08:19Z,sl_after_tp1,71032.93,230faee68d6ef7ec8f5e47386d0f3f0bbad632196008b7be434d360a3954ce84,255078250ba2d998f6d7709719138e88e142d67a08db7e828c8dd73dc2be7a60
78,2026-06-02T12:07:20Z,BTCUSDT,short,60,69355.9,,70033.37,68678.43,68226.79,67549.32,quantumblock_model,2026-06-02T14:01:36Z,2026-06-02T14:22:52Z,,2026-06-02T14:25:58Z,expired_after_tp2,67979.65,255078250ba2d998f6d7709719138e88e142d67a08db7e828c8dd73dc2be7a60,a940a4174d6c9c3e34ee3ff4baed6d253eb7683764eb561d92313615640ff304
79,2026-06-02T14:29:00Z,BTCUSDT,short,60,67761.75,,70327.02,66994.27,66482.62,65715.15,quantumblock,,,,2026-06-02T16:12:54Z,sl,67816.58,a940a4174d6c9c3e34ee3ff4baed6d253eb7683764eb561d92313615640ff304,45b4b675b77242c3f9a02f35a4d4ab5544da31ebcc31f5b9bfd445836df663e4
80,2026-06-02T15:01:30Z,BTCUSDT,short,60,67859.68,,68626.45,67092.91,66581.74,65814.97,quantumblock_model,2026-06-02T15:37:15Z,,,2026-06-02T16:12:54Z,expired_after_tp1,67880.12,45b4b675b77242c3f9a02f35a4d4ab5544da31ebcc31f5b9bfd445836df663e4,86beaf0af565a04bfa2a4bf6c5484becebf762d70486dd01ff85dc989fc8441c
81,2026-06-02T19:34:34Z,BTCUSDT,short,60,66585.89,,67422.48,65749.3,65191.58,64355.0,quantumblock_model,,,,2026-06-02T19:53:36Z,sl,67430.02,86beaf0af565a04bfa2a4bf6c5484becebf762d70486dd01ff85dc989fc8441c,815e70ddebd413b140d794c1f903d7da1494719fae92dd36843aa25a519c5b7a
82,2026-06-02T22:47:32Z,BTCUSDT,short,60,66772.74,,67670.17,65875.31,65277.03,64379.6,quantumblock_model,,,,2026-06-03T03:06:40Z,sl,66572.31,815e70ddebd413b140d794c1f903d7da1494719fae92dd36843aa25a519c5b7a,d3c3d883f6fb743bc4902625e1fedf5b6b545c238f367b4f0994947a1ccb5a3c
83,2026-06-03T19:23:42Z,BTCUSDT,short,60,65698.0,,67301.42,64846.06,64278.1,63426.16,quantumblock,2026-06-03T20:55:44Z,,,2026-06-03T20:58:51Z,expired_after_tp1,64946.6,d3c3d883f6fb743bc4902625e1fedf5b6b545c238f367b4f0994947a1ccb5a3c,a0696ee257ff6cb507e3276a5ee7de3fde12ddaa8ab1f93874062789c20b31f0
84,2026-06-03T20:12:04Z,BTCUSDT,short,60,65467.79,,67301.86,64609.11,64036.67,63177.99,quantumblock,2026-06-03T23:03:34Z,2026-06-04T00:25:37Z,2026-06-04T00:38:59Z,2026-06-04T00:38:59Z,tp3,63240.28,a0696ee257ff6cb507e3276a5ee7de3fde12ddaa8ab1f93874062789c20b31f0,884e5167a97847e759cf4ac763b9ae14388eb7fc9de1cfdc44c04415eceeaa7d
85,2026-06-03T21:03:26Z,BTCUSDT,short,60,65184.04,,67049.61,64299.82,63710.34,62826.12,quantumblock,2026-06-03T23:38:28Z,2026-06-04T00:27:43Z,2026-06-04T01:19:53Z,2026-06-04T01:19:53Z,tp3,62884.41,884e5167a97847e759cf4ac763b9ae14388eb7fc9de1cfdc44c04415eceeaa7d,cbccedc029c5cdbf7445168afb76a952c11b807252d03c970e18a62234edb58c
86,2026-06-03T22:13:33Z,BTCUSDT,short,60,65361.43,,66960.65,64421.71,63795.23,62855.51,quantumblock,2026-06-03T23:11:52Z,2026-06-04T00:26:40Z,2026-06-04T01:20:05Z,2026-06-04T01:20:05Z,tp3,62972.15,cbccedc029c5cdbf7445168afb76a952c11b807252d03c970e18a62234edb58c,19f458a67fab9300609532dd9018a1bf00db87f5376e78049334036f88e82478
87,2026-06-04T10:07:46Z,BTCUSDT,short,60,62933.81,,64844.16,61736.25,60937.88,59740.33,quantumblock,,,,2026-06-05T03:04:49Z,sl,62582.0,19f458a67fab9300609532dd9018a1bf00db87f5376e78049334036f88e82478,a873f4306036fcb5d032dbfb30b484689db567047fb195b56bad49d050dd34dc
88,2026-06-04T23:02:33Z,BTCUSDT,short,60,63672.0,,64262.79,62564.28,61825.8,60718.08,quantumblock,2026-06-05T02:23:39Z,,,2026-06-05T03:04:49Z,expired_after_tp1,62575.0,a873f4306036fcb5d032dbfb30b484689db567047fb195b56bad49d050dd34dc,5583853e2d160a678441610724c40048e4bd44417ce53735e4d0fa5c88344c11
89,2026-06-05T00:01:48Z,BTCUSDT,short,60,63798.01,,64375.97,62714.33,61991.89,60908.21,quantumblock,2026-06-05T02:23:39Z,,,2026-06-05T03:04:49Z,expired_after_tp1,62564.0,5583853e2d160a678441610724c40048e4bd44417ce53735e4d0fa5c88344c11,00969ea2e0264d0eb1353988c68c8a159e3eed5096f395ceaebb944e1216f92f
90,2026-06-05T18:20:11Z,BTCUSDT,short,60,60515.0,,62738.77,59100.67,58157.78,56743.44,quantumblock,,,,2026-06-05T19:22:55Z,sl,59487.21,00969ea2e0264d0eb1353988c68c8a159e3eed5096f395ceaebb944e1216f92f,a701fc8a1f992bf07b9588bd576729f950297dc0939cca3cfc5a10aee19a267a
91,2026-06-06T09:48:36Z,BTCUSDT,short,60,60973.89,,61661.74,59684.18,58824.36,57534.65,quantumblock,,,,2026-06-07T01:29:31Z,sl,61643.88,a701fc8a1f992bf07b9588bd576729f950297dc0939cca3cfc5a10aee19a267a,1c1a51b8084effea50bf863feccfe44a0468265321549fff5d3123c8f2699df6
92,2026-06-06T22:01:27Z,BTCUSDT,short,60,60688.66,,61124.03,59872.33,59328.11,58511.78,quantumblock,,,,2026-06-07T01:04:50Z,sl,61050.44,1c1a51b8084effea50bf863feccfe44a0468265321549fff5d3123c8f2699df6,f0871f2570f9357dab4f09e259904063c041592bb904315b8ff495a77655fa7f
93,2026-06-07T01:01:36Z,BTCUSDT,short,60,60762.0,,61159.17,60017.31,59520.85,58776.16,quantumblock,,,,2026-06-07T01:08:06Z,sl,61170.4,f0871f2570f9357dab4f09e259904063c041592bb904315b8ff495a77655fa7f,f0edec15538b093263a19466b24e607645a1b680277f931bd7e9341d703d97bf
94,2026-06-07T20:01:03Z,BTCUSDT,short,60,61202.7,,61975.32,60430.08,59915.0,59142.37,quantumblock_model,,,,2026-06-07T21:13:57Z,sl,61951.11,f0edec15538b093263a19466b24e607645a1b680277f931bd7e9341d703d97bf,68241473b279792a42e2b2bd19f8b094859628ff970b44810c0b22917f7efeab
95,2026-06-07T22:44:04Z,BTCUSDT,long,60,63078.29,,62280.95,63875.63,64407.19,65204.53,quantumblock_model,,,,2026-06-08T11:42:55Z,sl,63727.98,68241473b279792a42e2b2bd19f8b094859628ff970b44810c0b22917f7efeab,5e15bed1ce89a747518390ee3e6843801e46f26906e455b8e6b0bb8159f4a5ec
96,2026-06-08T12:01:35Z,BTCUSDT,short,60,63623.8,,64497.32,62750.28,62167.93,61294.41,quantumblock_model,2026-06-08T12:15:18Z,,,2026-06-08T12:43:35Z,sl_after_tp1,63628.71,5e15bed1ce89a747518390ee3e6843801e46f26906e455b8e6b0bb8159f4a5ec,2489f645488ec90d63d15ca10db6490ed30500f3a44de0a5c6500da5029c1792
97,2026-06-08T13:01:08Z,BTCUSDT,short,60,63843.56,,64782.54,62904.58,62278.59,61339.62,quantumblock_model,2026-06-09T00:22:35Z,2026-06-09T13:26:15Z,,2026-06-09T14:35:59Z,expired_after_tp2,61465.99,2489f645488ec90d63d15ca10db6490ed30500f3a44de0a5c6500da5029c1792,cff2dc73b93636dc005c6e30d909f9e024062eb2bdfad7e1550d3d220627214b
98,2026-06-08T15:02:05Z,BTCUSDT,short,60,63893.9,,64817.65,62970.15,62354.32,61430.57,quantumblock_model,2026-06-08T23:49:54Z,2026-06-09T13:19:50Z,,2026-06-09T14:35:59Z,expired_after_tp2,61458.0,cff2dc73b93636dc005c6e30d909f9e024062eb2bdfad7e1550d3d220627214b,fa858678e43b550fd0b3ac7f9eb0626b5afdb5b685c458eb4fe8ff66d7d5f7b0
99,2026-06-09T09:34:41Z,BTCUSDT,short,60,62626.8,,63572.79,61925.12,61457.33,60755.64,quantumblock,2026-06-09T14:16:28Z,2026-06-09T14:36:34Z,,2026-06-09T18:19:19Z,sl_after_tp2,61929.46,fa858678e43b550fd0b3ac7f9eb0626b5afdb5b685c458eb4fe8ff66d7d5f7b0,6af408b5754cb567c25d403e53f6bc4130289419948644f2913a74065d8fc2ae
100,2026-06-09T10:08:26Z,BTCUSDT,short,60,62618.62,,63571.07,61942.68,61492.05,60816.1,quantumblock,2026-06-09T14:16:35Z,2026-06-09T14:36:40Z,2026-06-09T16:39:59Z,2026-06-09T16:39:59Z,tp3,60833.08,6af408b5754cb567c25d403e53f6bc4130289419948644f2913a74065d8fc2ae,4e893cd1f9bd99ea8f0b2fddc5261078facf722425ce8b9e579659845dcacba2
101,2026-06-09T11:05:06Z,BTCUSDT,short,60,62584.0,,63569.83,61926.68,61488.47,60831.16,quantumblock,2026-06-09T14:16:41Z,2026-06-09T14:36:46Z,2026-06-09T16:40:16Z,2026-06-09T16:40:16Z,tp3,60812.69,4e893cd1f9bd99ea8f0b2fddc5261078facf722425ce8b9e579659845dcacba2,9ccf243fe903bda06c1b0c30f43f564b17580324f5f28b1378ead59cf2e6304d
102,2026-06-09T12:35:23Z,BTCUSDT,short,60,62600.0,,63569.37,61949.53,61515.88,60865.4,quantumblock,2026-06-09T14:16:47Z,2026-06-09T14:30:34Z,2026-06-09T16:21:21Z,2026-06-09T16:21:21Z,tp3,60910.69,9ccf243fe903bda06c1b0c30f43f564b17580324f5f28b1378ead59cf2e6304d,0b83aa98312f0fd863004aedc18fff4833add52594b575ba0fb5f97d312c97ee
103,2026-06-09T13:05:46Z,BTCUSDT,short,60,62590.01,,63548.51,61952.36,61527.26,60889.61,quantumblock,2026-06-09T14:16:54Z,2026-06-09T14:30:41Z,2026-06-09T16:20:03Z,2026-06-09T16:20:03Z,tp3,60886.39,0b83aa98312f0fd863004aedc18fff4833add52594b575ba0fb5f97d312c97ee,81c8ea5ef3fc828a2c8a33dabb765b94d1690dc61c49c491d89cb1bf854d0d2d
104,2026-06-09T20:39:12Z,BTCUSDT,long,60,62106.4,,61337.65,62875.15,63387.66,64156.41,quantumblock_model,,,,2026-06-10T02:21:09Z,sl,61492.0,81c8ea5ef3fc828a2c8a33dabb765b94d1690dc61c49c491d89cb1bf854d0d2d,f8f7b2062232ad76a16535fd77352440d21fb4108cbae58cac8c4f6563eed1da
105,2026-06-10T02:47:53Z,BTCUSDT,short,60,61250.4,,61945.81,60554.99,60091.39,59395.98,quantumblock_model,,,,2026-06-10T12:33:59Z,sl,61855.99,f8f7b2062232ad76a16535fd77352440d21fb4108cbae58cac8c4f6563eed1da,3609ed42fc642a1285695192faf3e10c9c6a7b0ac58036a9fa52c11c5c7476a6
106,2026-06-10T13:17:18Z,BTCUSDT,short,60,61455.0,,62200.3,60709.7,60212.84,59467.55,quantumblock_model,,,,2026-06-10T13:40:46Z,sl,62217.99,3609ed42fc642a1285695192faf3e10c9c6a7b0ac58036a9fa52c11c5c7476a6,957e6b48edcef4da40040e53380c86f591315cd7e8a1e6982585220da44384ba
107,2026-06-10T14:01:25Z,BTCUSDT,long,60,62062.1,,61262.62,62861.58,63394.57,64194.06,quantumblock_model,,,,2026-06-10T21:50:43Z,sl,61344.03,957e6b48edcef4da40040e53380c86f591315cd7e8a1e6982585220da44384ba,2e703318ee82d4a8d8e398ce0dc7b7f1cef50e86a4ea788c388f9aa264c21591
108,2026-06-10T18:23:42Z,BTCUSDT,short,60,61850.02,,62914.27,61005.83,60443.04,59598.86,quantumblock,,,,2026-06-11T06:21:26Z,sl,62916.65,2e703318ee82d4a8d8e398ce0dc7b7f1cef50e86a4ea788c388f9aa264c21591,e00e464afa6b5ba3847f5fd47eff2f3e735194e228e56eaae3a15377795dbe10
109,2026-06-10T19:02:23Z,BTCUSDT,short,60,61860.99,,62912.26,61046.99,60504.31,59690.31,quantumblock,,,,2026-06-11T06:21:42Z,sl,62915.01,e00e464afa6b5ba3847f5fd47eff2f3e735194e228e56eaae3a15377795dbe10,ae0bbaeac36c84c573086343edeacb0f677b9e4f7e57b4fd65a30aa422e43966
110,2026-06-10T22:01:26Z,BTCUSDT,short,60,61240.96,,62066.7,60415.22,59864.72,59038.98,quantumblock_model,,,,2026-06-11T01:14:41Z,sl,62056.01,ae0bbaeac36c84c573086343edeacb0f677b9e4f7e57b4fd65a30aa422e43966,9342f520abbb02fec17ed347c1a33fab01845c0eda330be9c29b30a94f8fc364
111,2026-06-10T23:01:26Z,BTCUSDT,short,60,61267.92,,62085.29,60450.55,59905.64,59088.27,quantumblock_model,,,,2026-06-11T01:14:57Z,sl,62044.01,9342f520abbb02fec17ed347c1a33fab01845c0eda330be9c29b30a94f8fc364,9ea1efe2fbc784f81aa6df360078cea0df4474f4dc2be2050a61a2379554d9bc
112,2026-06-11T01:42:58Z,BTCUSDT,long,60,62295.46,,61490.17,63100.75,63637.62,64442.91,quantumblock_model,2026-06-11T10:56:11Z,2026-06-11T18:00:53Z,,2026-06-12T06:22:48Z,expired_after_tp2,63160.96,9ea1efe2fbc784f81aa6df360078cea0df4474f4dc2be2050a61a2379554d9bc,85454454045a41c67ecad8ae98b3f5191001fd186bd2a5f5a5419472141a06b2
113,2026-06-11T18:03:34Z,BTCUSDT,long,60,63780.0,,62300.73,64489.04,64961.72,65670.76,quantumblock,2026-06-13T21:42:15Z,,,2026-06-14T17:39:15Z,sl_after_tp1,63761.02,85454454045a41c67ecad8ae98b3f5191001fd186bd2a5f5a5419472141a06b2,9a02bb26045a84df7f8e2c227c8a151c5a02ac0a5efc52566be068eab5c07f63
114,2026-06-11T19:31:35Z,BTCUSDT,long,60,63776.0,,62299.31,64506.35,64993.25,65723.6,quantumblock,2026-06-13T21:42:21Z,,,2026-06-14T17:39:31Z,sl_after_tp1,63760.4,9a02bb26045a84df7f8e2c227c8a151c5a02ac0a5efc52566be068eab5c07f63,73f7f171e6af96852ad4c20f20d30516a286d4af7af81c70a1c081b309359851
115,2026-06-12T02:11:56Z,BTCUSDT,long,60,63767.45,,63227.97,64397.88,64818.17,65448.61,quantumblock,,,,2026-06-12T06:16:22Z,sl,63190.43,73f7f171e6af96852ad4c20f20d30516a286d4af7af81c70a1c081b309359851,4e27671d6fad8cffedb0c1ed3574842c9707721768953103980b45023bd445e2
116,2026-06-12T06:35:00Z,BTCUSDT,short,60,62920.6,,63536.72,62304.48,61893.74,61277.62,quantumblock_model,,,,2026-06-12T08:21:38Z,sl,63587.99,4e27671d6fad8cffedb0c1ed3574842c9707721768953103980b45023bd445e2,1928e8693a4dbee34cae0f77af684747cd7e5ef61a9955431fddc5964831415f
117,2026-06-12T09:27:31Z,BTCUSDT,long,60,63687.6,,63054.32,64320.88,64743.06,65376.34,quantumblock_model,,,,2026-06-12T13:43:15Z,sl,63086.92,1928e8693a4dbee34cae0f77af684747cd7e5ef61a9955431fddc5964831415f,aa7f3094bf3fc12fd72131301ad936be270235a5ab527c1894537378640a6f71
118,2026-06-12T11:01:32Z,BTCUSDT,long,60,63674.35,,63050.98,64297.72,64713.3,65336.67,quantumblock_model,,,,2026-06-12T13:43:32Z,sl,63107.16,aa7f3094bf3fc12fd72131301ad936be270235a5ab527c1894537378640a6f71,b8d1392adcf68ff1b7bd65f7a9790f97c086766e93ddc959fa278f6699d9b8fc
119,2026-06-12T12:01:32Z,BTCUSDT,long,60,63661.26,,63061.82,64260.7,64660.33,65259.77,quantumblock_model,,,,2026-06-12T13:43:48Z,sl,63147.09,b8d1392adcf68ff1b7bd65f7a9790f97c086766e93ddc959fa278f6699d9b8fc,9a11e25e232f8acedff30dc863d19168922393fbfb772e6d6caa36c3563ea1f5
120,2026-06-12T14:01:56Z,BTCUSDT,long,60,63400.35,,62789.14,64011.56,64419.04,65030.25,quantumblock_model,2026-06-12T15:00:43Z,,,2026-06-12T20:49:14Z,expired_after_tp1,63427.5,9a11e25e232f8acedff30dc863d19168922393fbfb772e6d6caa36c3563ea1f5,a8d5b46f8b94d63f2f940cca1cf93865ca04ba4c3a5be70c1afd6142f0cf7301
121,2026-06-12T15:01:44Z,BTCUSDT,long,60,63999.99,,63004.88,64606.17,65010.29,65616.47,quantumblock,2026-06-13T21:42:27Z,,,2026-06-14T14:34:48Z,sl_after_tp1,63986.27,a8d5b46f8b94d63f2f940cca1cf93865ca04ba4c3a5be70c1afd6142f0cf7301,05380eb5be9c90b772b0b1a2f701cfdc920f9d904a84c512b544b6f8f20a1346
122,2026-06-12T16:17:04Z,BTCUSDT,long,60,63996.0,,62998.71,64694.76,65160.6,65859.36,quantumblock,2026-06-13T21:42:34Z,,,2026-06-14T14:35:04Z,sl_after_tp1,64008.0,05380eb5be9c90b772b0b1a2f701cfdc920f9d904a84c512b544b6f8f20a1346,5c8b50b57ab7d689996fabe51c982e1706b5ac81c81ab19b806300e19cdab261
123,2026-06-12T17:01:38Z,BTCUSDT,long,60,63982.48,,63002.03,64631.32,65063.88,65712.72,quantumblock,2026-06-13T21:42:40Z,,,2026-06-14T14:35:20Z,sl_after_tp1,63980.01,5c8b50b57ab7d689996fabe51c982e1706b5ac81c81ab19b806300e19cdab261,cd7f6a8d1eeb3a0afb6205091bf049a9264b6e03d6d62bc36bddb1f1f10ab637
124,2026-06-13T08:01:20Z,BTCUSDT,long,60,63845.99,,63391.18,64258.24,64533.06,64945.31,quantumblock,2026-06-13T15:06:37Z,2026-06-13T21:42:46Z,,2026-06-14T06:37:35Z,sl_after_tp2,64259.75,cd7f6a8d1eeb3a0afb6205091bf049a9264b6e03d6d62bc36bddb1f1f10ab637,f02294e805b819a71bcfadf8f2fa3167891be18cb4960280ce259afded0f5ddf
125,2026-06-13T09:01:19Z,BTCUSDT,long,60,63806.0,,63392.19,64203.11,64467.85,64864.96,quantumblock,2026-06-13T12:57:39Z,2026-06-13T21:42:52Z,,2026-06-14T07:09:16Z,expired_after_tp2,64231.8,f02294e805b819a71bcfadf8f2fa3167891be18cb4960280ce259afded0f5ddf,dc94efa726db72d767a141a4c6e17d9ee9ebe1856ee28f791985c40424345a15
126,2026-06-13T10:33:42Z,BTCUSDT,long,60,63806.0,,63392.68,64195.7,64455.5,64845.2,quantumblock,2026-06-13T12:57:46Z,2026-06-13T21:42:58Z,,2026-06-14T07:09:16Z,expired_after_tp2,64225.63,dc94efa726db72d767a141a4c6e17d9ee9ebe1856ee28f791985c40424345a15,11698b5deae44e4d6b4ebecf03715ffa321906abbe0c51f68123c3daeb62a8b3
127,2026-06-14T14:36:33Z,BTCUSDT,short,60,63911.3,,64228.04,63594.56,63383.39,63066.65,quantumblock_model,,,,2026-06-14T21:16:03Z,sl,64499.99,11698b5deae44e4d6b4ebecf03715ffa321906abbe0c51f68123c3daeb62a8b3,fa6ff9d8323b76f251d16f6f10058c47e7d76fdbec16964a7439c5bda92deacd
128,2026-06-14T21:19:41Z,BTCUSDT,long,60,64724.32,,64378.69,65069.95,65300.37,65645.99,quantumblock_model,2026-06-14T21:41:22Z,2026-06-14T21:41:22Z,2026-06-14T21:50:36Z,2026-06-14T21:50:36Z,tp3,65600.52,fa6ff9d8323b76f251d16f6f10058c47e7d76fdbec16964a7439c5bda92deacd,2d7bd0c931a7daafaf8b8f6ef21f504cea6942dfd54a80b6389a999c6c765914
129,2026-06-15T11:21:01Z,BTCUSDT,long,60,66215.91,,65698.04,66733.78,67079.03,67596.91,quantumblock_model,2026-06-15T13:17:31Z,2026-06-15T15:47:10Z,,2026-06-15T17:11:12Z,sl_after_tp2,66793.12,2d7bd0c931a7daafaf8b8f6ef21f504cea6942dfd54a80b6389a999c6c765914,450f1ff98f8c5d1d529d6bdf9cda96ce2c85eefdbc9af4edaed93271525072a8
130,2026-06-15T19:19:53Z,BTCUSDT,short,60,66402.7,,66987.38,65818.02,65428.24,64843.56,quantumblock_model,2026-06-16T02:28:03Z,,,2026-06-16T06:36:39Z,sl_after_tp1,66405.17,450f1ff98f8c5d1d529d6bdf9cda96ce2c85eefdbc9af4edaed93271525072a8,b12b1eb445a9af9758221029f2f8ef1dd52f08cd76eeddf1ecf9c7df93946251
131,2026-06-16T13:12:26Z,BTCUSDT,short,60,66000.5,,66585.1,65415.9,65026.17,64441.57,quantumblock_model,2026-06-16T14:33:34Z,,,2026-06-16T17:53:06Z,sl_after_tp1,66009.98,b12b1eb445a9af9758221029f2f8ef1dd52f08cd76eeddf1ecf9c7df93946251,ab23950dfff1ab2c099ac94ed68847d812989538c487ad0acf5e6bb6e5bc4a8b
132,2026-06-17T07:54:59Z,BTCUSDT,short,60,65223.4,,65722.55,64724.25,64391.48,63892.32,quantumblock_model,2026-06-17T11:04:54Z,,,2026-06-17T13:38:31Z,sl_after_tp1,65214.01,ab23950dfff1ab2c099ac94ed68847d812989538c487ad0acf5e6bb6e5bc4a8b,9215910ca076f5725447faaa2e87ba2b53c980ade8f29e0a90c17af03d533ffe
133,2026-06-17T18:59:41Z,BTCUSDT,short,60,65449.7,,66111.59,64787.81,64346.55,63684.65,quantumblock_model,2026-06-17T19:20:37Z,2026-06-17T19:29:49Z,,2026-06-18T01:11:28Z,sl_after_tp2,64776.95,9215910ca076f5725447faaa2e87ba2b53c980ade8f29e0a90c17af03d533ffe,60ab5f578d18c34b1a025acccbadbd27ff85c7b50e2dfbb055d7a57616eef7a3
134,2026-06-18T03:28:01Z,BTCUSDT,short,60,64360.15,,64853.16,63652.78,63181.2,62473.83,quantumblock,2026-06-18T14:53:49Z,2026-06-18T15:21:18Z,2026-06-18T15:56:15Z,2026-06-18T15:56:15Z,tp3,62475.34,60ab5f578d18c34b1a025acccbadbd27ff85c7b50e2dfbb055d7a57616eef7a3,d663a15abf1c11768d42a21914725079bbcbe9b708b0adce9881a27cec6b0849
135,2026-06-18T15:01:36Z,BTCUSDT,short,60,63816.61,,64688.62,63188.59,62769.91,62141.89,quantumblock,2026-06-18T15:33:41Z,2026-06-18T15:40:54Z,,2026-06-18T20:01:38Z,sl_after_tp2,63210.7,d663a15abf1c11768d42a21914725079bbcbe9b708b0adce9881a27cec6b0849,83513aa7ffdff7d7a02f8b6c2741f49fcdd2e9ca5ff593ad9875e3d73e064479
136,2026-06-18T16:01:06Z,BTCUSDT,short,60,62429.64,,63222.62,61636.66,61108.0,60315.02,quantumblock_model,,,,2026-06-18T20:04:56Z,sl,63219.15,83513aa7ffdff7d7a02f8b6c2741f49fcdd2e9ca5ff593ad9875e3d73e064479,79f1321932871e58c7577c8297ac34b18e2821395155af2802ed808c84a7dd3c
137,2026-06-19T03:17:03Z,BTCUSDT,short,60,62479.9,,63072.49,61887.31,61492.25,60899.66,quantumblock_model,,,,2026-06-19T13:43:50Z,sl,63072.96,79f1321932871e58c7577c8297ac34b18e2821395155af2802ed808c84a7dd3c,338c05db4289c292c2f1300a6b26ff20712d4f98d8939e4067fea394f286744f
138,2026-06-19T07:39:07Z,BTCUSDT,short,60,62484.95,,63076.51,61893.39,61499.01,60907.45,quantumblock_model,,,,2026-06-19T13:44:07Z,sl,63072.97,338c05db4289c292c2f1300a6b26ff20712d4f98d8939e4067fea394f286744f,31cc663ad9a90b7c033bc9c5ae6c510af93e8e8d7bdf43080f4f595281b244d0
139,2026-06-19T13:46:40Z,BTCUSDT,long,60,63262.3,,62699.87,63824.73,64199.69,64762.12,quantumblock_model,2026-06-20T05:10:59Z,,,2026-06-20T13:30:50Z,expired_after_tp1,63391.4,31cc663ad9a90b7c033bc9c5ae6c510af93e8e8d7bdf43080f4f595281b244d0,276d24cada5dfa2a60a96ba50bcf3487e895b3f8c8f6716c53fe08886190a400
140,2026-06-19T15:45:09Z,BTCUSDT,long,60,63256.03,,62655.57,63856.49,64256.8,64857.26,quantumblock_model,2026-06-20T05:11:05Z,,,2026-06-20T13:30:50Z,expired_after_tp1,63377.62,276d24cada5dfa2a60a96ba50bcf3487e895b3f8c8f6716c53fe08886190a400,2aa4dfa86dca4d1fa83d020277373da6bb9bfabdc38a9cb385dd58bccdef1657
141,2026-06-21T21:19:11Z,BTCUSDT,short,60,63513.04,,63886.88,63139.2,62889.98,62516.14,quantumblock_model,,,,2026-06-21T21:39:23Z,sl,63901.34,2aa4dfa86dca4d1fa83d020277373da6bb9bfabdc38a9cb385dd58bccdef1657,54685f362f606e68e1bf0809f5409aeb1cdce9f2ae1b6ad4d5eb7f89f77ffc35
142,2026-06-21T23:32:16Z,BTCUSDT,short,60,63380.0,,63778.06,62981.94,62716.57,62318.51,quantumblock_model,,,,2026-06-22T00:31:34Z,sl,63814.6,54685f362f606e68e1bf0809f5409aeb1cdce9f2ae1b6ad4d5eb7f89f77ffc35,327503b1c130baeac5480c5e15c31807f17f844748d3e9cbfc46893f42c7fa4e
143,2026-06-22T01:19:11Z,BTCUSDT,long,60,64109.38,,63625.58,64593.18,64915.72,65399.52,quantumblock_model,2026-06-22T01:27:03Z,,,2026-06-22T03:01:18Z,sl_after_tp1,64068.45,327503b1c130baeac5480c5e15c31807f17f844748d3e9cbfc46893f42c7fa4e,c3e6cc1f3f45b51bf8e13d9d0c254ad30050359035a2cc6c2edb84c17197f1cd
144,2026-06-22T04:55:48Z,BTCUSDT,long,60,64051.94,,63473.65,64630.23,65015.76,65594.05,quantumblock_model,2026-06-22T11:33:18Z,2026-06-22T12:37:09Z,,2026-06-22T14:00:13Z,expired_after_tp2,65588.02,c3e6cc1f3f45b51bf8e13d9d0c254ad30050359035a2cc6c2edb84c17197f1cd,89daa7e6814991182e9eac6a2bca84d44db4e744a6d4667afb7b5a75c1d62744
145,2026-06-22T14:01:21Z,BTCUSDT,long,60,65503.3,,64894.51,66112.09,66517.95,67126.73,quantumblock_model,,,,2026-06-22T14:30:50Z,sl,64920.0,89daa7e6814991182e9eac6a2bca84d44db4e744a6d4667afb7b5a75c1d62744,395a5eecd4abf18e648564f63d8ee9d62cb887488da0f0f0f787fc8655e4e85d
146,2026-06-22T15:01:18Z,BTCUSDT,long,60,64990.9,,64340.37,65641.43,66075.11,66725.64,quantumblock_model,,,,2026-06-22T18:56:38Z,sl,64356.0,395a5eecd4abf18e648564f63d8ee9d62cb887488da0f0f0f787fc8655e4e85d,b7e05f15a99a35798bc7147fe9e48b5851b7fccb64ce1a58cc5dae99c67b48bd
147,2026-06-22T22:33:17Z,BTCUSDT,short,60,63988.2,,64578.49,63397.91,63004.38,62414.09,quantumblock_model,2026-06-23T05:28:40Z,2026-06-23T06:19:17Z,2026-06-23T08:18:20Z,2026-06-23T08:18:20Z,tp3,62488.36,b7e05f15a99a35798bc7147fe9e48b5851b7fccb64ce1a58cc5dae99c67b48bd,2248c1bf84eaaf7fd27f103f82cdf535308ab017eb883cc61f03f9f8f226ed67
148,2026-06-23T13:25:54Z,BTCUSDT,short,60,62017.8,,62622.38,61413.22,61010.17,60405.59,quantumblock_model,,,,2026-06-23T14:14:46Z,sl,62623.68,2248c1bf84eaaf7fd27f103f82cdf535308ab017eb883cc61f03f9f8f226ed67,c133ceb62cf52550b1a4c5c9b58ab6356c38724a3a7a2cc43246339b82bfcac2
149,2026-06-23T15:21:07Z,BTCUSDT,short,60,62286.2,,62913.2,61659.2,61241.19,60614.19,quantumblock_model,,,,2026-06-24T00:09:38Z,sl,62876.59,c133ceb62cf52550b1a4c5c9b58ab6356c38724a3a7a2cc43246339b82bfcac2,c38a3dd7bab99fb3b9cbfe11ed1f87614328f8df4980bf854ec4b6c36ce23814
150,2026-06-24T13:08:55Z,BTCUSDT,short,60,62224.86,,62750.82,61698.9,61348.27,60822.31,quantumblock_model,2026-06-24T13:24:56Z,2026-06-24T13:48:30Z,,2026-06-24T14:00:52Z,expired_after_tp2,61308.0,c38a3dd7bab99fb3b9cbfe11ed1f87614328f8df4980bf854ec4b6c36ce23814,ee19b22e351f136b742de0b6caaae7cf7b5817b7e4244d3ac6658109a9ceee91
151,2026-06-24T13:12:31Z,BTCUSDT,short,60,62088.01,,63275.62,61539.67,61174.11,60625.77,quantumblock,2026-06-24T13:44:21Z,2026-06-24T14:13:22Z,2026-06-24T15:41:26Z,2026-06-24T15:41:26Z,tp3,60657.99,ee19b22e351f136b742de0b6caaae7cf7b5817b7e4244d3ac6658109a9ceee91,bad8196111c53eb8e07f238d267f37fe4d43f3e8209f2f5700ee1d70e5a0984c
152,2026-06-24T13:49:03Z,BTCUSDT,short,60,61398.0,,63281.03,60768.39,60348.65,59719.04,quantumblock,2026-06-24T15:32:07Z,2026-06-24T15:57:04Z,2026-06-24T16:52:09Z,2026-06-24T16:52:09Z,tp3,59836.0,bad8196111c53eb8e07f238d267f37fe4d43f3e8209f2f5700ee1d70e5a0984c,936bb70afa7ba9f47fcb48ab4abc6359f85340313a9998e7e1b5cab59ddf1543
153,2026-06-24T14:17:47Z,BTCUSDT,short,60,61103.3,,61739.48,60467.12,60043.0,59406.83,quantumblock_model,2026-06-24T15:45:46Z,2026-06-24T16:47:59Z,,2026-06-24T17:20:42Z,expired_after_tp2,59480.22,936bb70afa7ba9f47fcb48ab4abc6359f85340313a9998e7e1b5cab59ddf1543,d7d665c17b2831688be7ed3b1368611e36f99f88537f87e0e18ef7a341ce0d2e
154,2026-06-24T18:02:55Z,BTCUSDT,short,60,59331.16,,60144.15,58518.17,57976.18,57163.2,quantumblock_model,,,,2026-06-24T20:02:24Z,sl,60165.81,d7d665c17b2831688be7ed3b1368611e36f99f88537f87e0e18ef7a341ce0d2e,f9cfb771d2dc4c84ab30dbbae0034ebc429d23deeea43628a47d9262c044d57c
155,2026-06-24T19:12:24Z,BTCUSDT,short,60,59431.73,,60253.01,58610.45,58062.93,57241.66,quantumblock_model,,,,2026-06-24T20:02:24Z,sl,60165.31,f9cfb771d2dc4c84ab30dbbae0034ebc429d23deeea43628a47d9262c044d57c,236ba20b9a66ecfcf8a63614cf0a602b43aaa6727b07220b8628e422978016c3
156,2026-06-25T10:44:28Z,BTCUSDT,short,60,61437.3,,62088.29,60786.31,60352.32,59701.33,quantumblock_model,2026-06-25T13:39:30Z,2026-06-25T13:42:40Z,,2026-06-25T13:46:57Z,expired_after_tp2,59661.96,236ba20b9a66ecfcf8a63614cf0a602b43aaa6727b07220b8628e422978016c3,58c47e174dbfaf21c026425f92b044905030cb82bd81d556ba5aeaa64dfdcedf
157,2026-06-25T13:33:22Z,BTCUSDT,short,60,60948.0,,62007.35,60273.71,59824.18,59149.88,quantumblock,2026-06-25T13:42:48Z,2026-06-25T13:47:16Z,2026-06-25T13:53:25Z,2026-06-25T13:53:25Z,tp3,59123.01,58c47e174dbfaf21c026425f92b044905030cb82bd81d556ba5aeaa64dfdcedf,f6b3659b8ad5e2ca581b0a98d53667e7229d213105cfddd770e933e92d63f6b8
158,2026-06-25T14:01:57Z,BTCUSDT,short,60,58627.6,,59611.31,57643.89,56988.08,56004.37,quantumblock_model,,,,2026-06-25T14:10:37Z,sl,59613.85,f6b3659b8ad5e2ca581b0a98d53667e7229d213105cfddd770e933e92d63f6b8,ff654972511f62931592cae0c6957f478741149442fbf475cbd6bc009f864eba
159,2026-06-25T15:00:53Z,BTCUSDT,short,60,59413.2,,60555.54,58270.86,57509.3,56366.97,quantumblock_model,,,,2026-06-26T03:45:57Z,sl,59664.2,ff654972511f62931592cae0c6957f478741149442fbf475cbd6bc009f864eba,317162d59036c65d1a0846c05f9f56925f61f95cedab80b3c56ab8d6edb4bd1b
160,2026-06-25T16:01:27Z,BTCUSDT,short,60,59506.69,,60652.53,58360.85,57596.96,56451.12,quantumblock_model,2026-06-26T02:23:44Z,,,2026-06-26T03:39:35Z,sl_after_tp1,59458.01,317162d59036c65d1a0846c05f9f56925f61f95cedab80b3c56ab8d6edb4bd1b,8d9f01ddf9d358d71c156d4af44b3b0dce07697e1a1eaac1e6ed4794ea77f5c9
161,2026-06-26T02:13:21Z,BTCUSDT,short,60,59169.08,,60334.57,58257.74,57650.18,56738.84,quantumblock,,,,2026-06-26T06:39:38Z,sl,60234.01,8d9f01ddf9d358d71c156d4af44b3b0dce07697e1a1eaac1e6ed4794ea77f5c9,8fa8dba7402ddd37f936964bc4035055b0ed27abe2ae3038a522ff53f4839ada
162,2026-06-26T09:08:23Z,BTCUSDT,short,60,60063.57,,61055.16,59071.98,58410.92,57419.33,quantumblock_model,2026-06-26T12:43:18Z,,,2026-06-26T13:57:42Z,expired_after_tp1,60080.05,8fa8dba7402ddd37f936964bc4035055b0ed27abe2ae3038a522ff53f4839ada,5818b2a61c54fec1af54a9479b51d190d95409d77e5331e42d79e1a6b72fb73e
163,2026-06-26T09:41:15Z,BTCUSDT,short,60,60021.0,,60823.27,59071.88,58439.12,57490.0,quantumblock,2026-06-26T12:43:26Z,,,2026-06-26T13:58:00Z,sl_after_tp1,60075.99,5818b2a61c54fec1af54a9479b51d190d95409d77e5331e42d79e1a6b72fb73e,2165c4fbc0eb9e93af33089c004e7783b36b9bffc02b22676ebc1389dc86143f
164,2026-06-26T14:03:31Z,BTCUSDT,short,60,59879.5,,60985.09,58773.91,58036.86,56931.27,quantumblock_model,,,,2026-06-27T03:03:42Z,sl,60338.0,2165c4fbc0eb9e93af33089c004e7783b36b9bffc02b22676ebc1389dc86143f,65188202360f7a5256aa7ea72934157ee88c11186a5d51ecada177fa6d4df2d0
165,2026-06-26T22:04:42Z,BTCUSDT,short,60,59862.22,,60644.57,58938.64,58322.92,57399.34,quantumblock,,,,2026-06-27T13:39:01Z,sl,60603.76,65188202360f7a5256aa7ea72934157ee88c11186a5d51ecada177fa6d4df2d0,c4a1cd2703879fd67a96e9d16c5a9213235ac9f6d8f9a8da2339e3807322af04
166,2026-06-27T00:34:40Z,BTCUSDT,short,60,59902.01,,60365.75,59032.49,58452.81,57583.29,quantumblock,,,,2026-06-27T02:28:54Z,sl,60336.0,c4a1cd2703879fd67a96e9d16c5a9213235ac9f6d8f9a8da2339e3807322af04,2d5129e1e7a0875d98e370c61a4341df892e2f21e3c5abe4e3cbfc37ab72456e
167,2026-06-27T19:27:28Z,BTCUSDT,short,60,60247.26,,60746.02,59748.5,59416.0,58917.24,quantumblock_model,2026-06-28T05:30:41Z,,,2026-06-28T07:38:04Z,sl_after_tp1,60210.01,2d5129e1e7a0875d98e370c61a4341df892e2f21e3c5abe4e3cbfc37ab72456e,6382f7d712f5b16b9ae0e8c2c0986d85b7d1418b2eaedcf7c797ccade772bbb6
168,2026-06-28T15:01:05Z,BTCUSDT,short,60,60033.01,,60571.63,59633.77,59367.61,58968.37,quantumblock,2026-06-28T16:29:23Z,2026-06-28T17:40:10Z,,2026-06-28T18:02:29Z,sl_after_tp2,59666.32,6382f7d712f5b16b9ae0e8c2c0986d85b7d1418b2eaedcf7c797ccade772bbb6,325ec92ddf0501e3598370e25028256f7db19889e1b57cbdc8f5f1c67850de69
169,2026-06-28T19:39:32Z,BTCUSDT,short,60,59397.9,,59841.6,58954.2,58658.4,58214.69,quantumblock_model,,,,2026-06-28T22:03:20Z,sl,59790.65,325ec92ddf0501e3598370e25028256f7db19889e1b57cbdc8f5f1c67850de69,999948a95d09f46446578838831e8edec1688fb5bfdb0b98a417c5992015df5a
170,2026-06-28T22:04:31Z,BTCUSDT,long,60,59850.0,,59373.56,60326.44,60644.06,61120.5,quantumblock_model,,,,2026-06-28T22:19:45Z,sl,59313.99,999948a95d09f46446578838831e8edec1688fb5bfdb0b98a417c5992015df5a,45d544fea55b7369e22219c900e0c1371e00e1c294e20a70f65efc517e2ead31
171,2026-06-28T23:01:39Z,BTCUSDT,short,60,59151.65,,59699.1,58604.2,58239.24,57691.79,quantumblock_model,,,,2026-06-28T23:37:24Z,sl,59739.0,45d544fea55b7369e22219c900e0c1371e00e1c294e20a70f65efc517e2ead31,d64fe431e2e24199e1dfc7ad1e858312f29011fbb5a7e9c990b2a8beaacb8ef3
172,2026-06-29T01:18:39Z,BTCUSDT,short,60,59246.38,,59871.49,58621.27,58204.53,57579.42,quantumblock_model,,,,2026-06-29T03:02:57Z,sl,59918.01,d64fe431e2e24199e1dfc7ad1e858312f29011fbb5a7e9c990b2a8beaacb8ef3,7ae3274871793a4e4a4c737f19c4641b78f4b0c7b76ce334544d828ab0a5510b
173,2026-06-29T05:04:09Z,BTCUSDT,short,60,59754.19,,60275.54,59116.17,58690.82,58052.79,quantumblock,,,,2026-06-29T06:18:17Z,sl,60313.99,7ae3274871793a4e4a4c737f19c4641b78f4b0c7b76ce334544d828ab0a5510b,d88ca8561f07f2b301ec379f69bb2a9f4ae4df37bc4227a2fe841365c301588a
174,2026-06-29T08:26:59Z,BTCUSDT,short,60,59854.24,,60388.97,59213.67,58786.61,58146.04,quantumblock,,,,2026-06-29T12:05:01Z,sl,60338.0,d88ca8561f07f2b301ec379f69bb2a9f4ae4df37bc4227a2fe841365c301588a,7ed7b356777a1b47e3d1bc1702bfc15611149505d482bdd1375f24c09f704cc3
175,2026-06-29T12:05:41Z,BTCUSDT,long,60,60407.08,,59779.78,61034.38,61452.58,62079.87,quantumblock_model,,,,2026-06-29T12:54:37Z,sl,59940.0,7ed7b356777a1b47e3d1bc1702bfc15611149505d482bdd1375f24c09f704cc3,7727fb7a07579efc4f80ea2473af57e5592642ec832f487ce01168ee79e544c3
176,2026-06-29T13:13:11Z,BTCUSDT,long,60,60250.5,,59541.77,60959.23,61431.71,62140.44,quantumblock_model,,,,2026-06-29T13:42:15Z,sl,59635.99,7727fb7a07579efc4f80ea2473af57e5592642ec832f487ce01168ee79e544c3,a5fcc427a9f0024476114b1bcfa7c9d4eaed0a494698e052eb17c6577806f14d
177,2026-06-29T14:01:12Z,BTCUSDT,short,60,59469.56,,60232.26,58706.86,58198.4,57435.7,quantumblock_model,,,,2026-06-29T17:05:22Z,sl,60233.98,a5fcc427a9f0024476114b1bcfa7c9d4eaed0a494698e052eb17c6577806f14d,4ad1887f1376bfb16b4542f5ccee5e2cd687ec569161b4a8deb07be23fce6036
178,2026-06-29T17:13:47Z,BTCUSDT,long,60,60414.22,,59598.17,61230.27,61774.3,62590.34,quantumblock_model,,,,2026-06-30T03:51:21Z,sl,59675.0,4ad1887f1376bfb16b4542f5ccee5e2cd687ec569161b4a8deb07be23fce6036,a691705e5a236bf88214c7d1d4cb4a9f3f2592de7ee6312b3b7de522163da64a
179,2026-06-30T01:01:39Z,BTCUSDT,short,60,59835.01,,60629.0,59189.9,58759.83,58114.73,quantumblock,2026-06-30T08:45:53Z,,,,,,a691705e5a236bf88214c7d1d4cb4a9f3f2592de7ee6312b3b7de522163da64a,48b9258fe9a0c243870fdfbe3aa3fa2dd8c32f89f773e7a00a0cb9c95618b221
180,2026-06-30T02:13:21Z,BTCUSDT,short,60,59840.13,,60628.47,59202.93,58778.13,58140.93,quantumblock,2026-06-30T08:45:59Z,,,,,,48b9258fe9a0c243870fdfbe3aa3fa2dd8c32f89f773e7a00a0cb9c95618b221,2bb86918d817886860eb0f6abbb020bd5d3990d5b0d6dba63a5c385a17f150eb
181,2026-06-30T03:26:23Z,BTCUSDT,short,60,59840.0,,60628.01,59209.67,58789.45,58159.12,quantumblock,2026-06-30T08:46:05Z,,,,,,2bb86918d817886860eb0f6abbb020bd5d3990d5b0d6dba63a5c385a17f150eb,8116bd18f3983f28fd7fe8b481a1f03b5833ac60f36317cb943316b57b31d295
